,Mean_temp (K),datetime
0,245.71186553522358,2019-04-08 00:00:00
1,245.7009334261469,2019-04-08 00:10:00
2,245.68873582470258,2019-04-08 00:20:00
3,245.6781222772937,2019-04-08 00:30:00
4,245.6646556862374,2019-04-08 00:40:00
5,245.65066118420955,2019-04-08 00:50:00
6,245.6298135027152,2019-04-08 01:00:00
7,245.61561517272662,2019-04-08 01:10:00
8,245.59477993715785,2019-04-08 01:20:00
9,245.5761819429709,2019-04-08 01:30:00
10,245.5570995567001,2019-04-08 01:40:00
11,245.53964379644748,2019-04-08 01:50:00
12,245.5144474154256,2019-04-08 02:00:00
13,245.48438684446108,2019-04-08 02:10:00
14,245.4634836114882,2019-04-08 02:20:00
15,245.43450434620152,2019-04-08 02:30:00
16,245.40703966864425,2019-04-08 02:40:00
17,245.3845767158155,2019-04-08 02:50:00
18,245.35246306178612,2019-04-08 03:00:00
19,245.33058234490397,2019-04-08 03:10:00
20,245.29000352273738,2019-04-08 03:20:00
21,245.2635924298509,2019-04-08 03:30:00
22,245.2362637556575,2019-04-08 03:40:00
23,245.20299886304107,2019-04-08 03:50:00
24,245.17300729767197,2019-04-08 04:00:00
25,245.13897221617734,2019-04-08 04:10:00
26,245.11428830615588,2019-04-08 04:20:00
27,245.09723281850984,2019-04-08 04:30:00
28,245.02184676971282,2019-04-08 04:40:00
29,,2019-04-08 04:50:00
30,245.0724297334054,2019-04-08 05:00:00
31,245.057273630406,2019-04-08 05:10:00
32,245.0341842790076,2019-04-08 05:20:00
33,244.97395433733058,2019-04-08 05:30:00
34,244.9537905857558,2019-04-08 05:40:00
35,244.9263078260353,2019-04-08 05:50:00
36,244.8995793625663,2019-04-08 06:00:00
37,244.87115217129346,2019-04-08 06:10:00
38,244.8299830567287,2019-04-08 06:20:00
39,244.7898232462735,2019-04-08 06:30:00
40,244.747311237279,2019-04-08 06:40:00
41,244.70803627462604,2019-04-08 06:50:00
42,244.66736646482457,2019-04-08 07:00:00
43,244.6233290238123,2019-04-08 07:10:00
44,244.59304266965958,2019-04-08 07:20:00
45,244.56264763404158,2019-04-08 07:30:00
46,244.53374450940098,2019-04-08 07:40:00
47,244.5026636984227,2019-04-08 07:50:00
48,244.48262221569337,2019-04-08 08:00:00
49,244.46362600079186,2019-04-08 08:10:00
50,244.44593015386837,2019-04-08 08:20:00
51,244.41926190038345,2019-04-08 08:30:00
52,244.40072377235424,2019-04-08 08:40:00
53,244.38107224095,2019-04-08 08:50:00
54,244.3534375324213,2019-04-08 09:00:00
55,244.3413504717502,2019-04-08 09:10:00
56,244.3149505898913,2019-04-08 09:20:00
57,244.29417809278664,2019-04-08 09:30:00
58,244.27583727461231,2019-04-08 09:40:00
59,244.25550768351627,2019-04-08 09:50:00
60,244.24597874955109,2019-04-08 10:00:00
61,244.241157047838,2019-04-08 10:10:00
62,244.22741256797923,2019-04-08 10:20:00
63,244.22556572759999,2019-04-08 10:30:00
64,244.2252789654799,2019-04-08 10:40:00
65,244.22052787803497,2019-04-08 10:50:00
66,244.22471692290299,2019-04-08 11:00:00
67,244.2403018835384,2019-04-08 11:10:00
68,244.24632893936703,2019-04-08 11:20:00
69,244.2564524827374,2019-04-08 11:30:00
70,244.26338611883432,2019-04-08 11:40:00
71,244.2784675153113,2019-04-08 11:50:00
72,244.29233121993067,2019-04-08 12:00:00
73,244.30104341646492,2019-04-08 12:10:00
74,244.30081894935023,2019-04-08 12:20:00
75,244.3131825434713,2019-04-08 12:30:00
76,244.32290573014058,2019-04-08 12:40:00
77,244.3265473043737,2019-04-08 12:50:00
78,244.34503268123345,2019-04-08 13:00:00
79,244.3527826774445,2019-04-08 13:10:00
80,244.3668939092268,2019-04-08 13:20:00
81,244.38077182841286,2019-04-08 13:30:00
82,244.39347661140712,2019-04-08 13:40:00
83,244.40794157758674,2019-04-08 13:50:00
84,244.42141786774718,2019-04-08 14:00:00
85,244.43372117174664,2019-04-08 14:10:00
86,244.44444384800917,2019-04-08 14:20:00
87,244.4581577100159,2019-04-08 14:30:00
88,244.4679326119428,2019-04-08 14:40:00
89,244.47091439715183,2019-04-08 14:50:00
90,244.47989997479766,2019-04-08 15:00:00
91,244.49368887778772,2019-04-08 15:10:00
92,244.50739950700503,2019-04-08 15:20:00
93,244.51966809426162,2019-04-08 15:30:00
94,244.5322404502876,2019-04-08 15:40:00
95,244.5469597567329,2019-04-08 15:50:00
96,244.5592452387233,2019-04-08 16:00:00
97,244.57031374545787,2019-04-08 16:10:00
98,244.5832774998869,2019-04-08 16:20:00
99,244.5906622175093,2019-04-08 16:30:00
100,244.59795610679961,2019-04-08 16:40:00
101,244.60090938025502,2019-04-08 16:50:00
102,244.5802712616008,2019-04-08 17:00:00
103,244.58807202634057,2019-04-08 17:10:00
104,244.589524594935,2019-04-08 17:20:00
105,244.58918331995702,2019-04-08 17:30:00
106,244.58840745009084,2019-04-08 17:40:00
107,244.5899971385064,2019-04-08 17:50:00
108,244.58314044588718,2019-04-08 18:00:00
109,244.5853479969056,2019-04-08 18:10:00
110,244.58186617732215,2019-04-08 18:20:00
111,244.5808398193816,2019-04-08 18:30:00
112,244.56972798209355,2019-04-08 18:40:00
113,244.572371329957,2019-04-08 18:50:00
114,244.56615255049599,2019-04-08 19:00:00
115,244.557649095903,2019-04-08 19:10:00
116,244.54329789931919,2019-04-08 19:20:00
117,244.53717194829608,2019-04-08 19:30:00
118,244.5286421926337,2019-04-08 19:40:00
119,244.51864180904755,2019-04-08 19:50:00
120,244.5071467103553,2019-04-08 20:00:00
121,244.49336364758,2019-04-08 20:10:00
122,244.479180293134,2019-04-08 20:20:00
123,244.464817844724,2019-04-08 20:30:00
124,244.4478483075577,2019-04-08 20:40:00
125,244.4357917179203,2019-04-08 20:50:00
126,244.41752281541093,2019-04-08 21:00:00
127,244.39462119295086,2019-04-08 21:10:00
128,244.3873443173479,2019-04-08 21:20:00
129,244.3724284029188,2019-04-08 21:30:00
130,244.35908685080798,2019-04-08 21:40:00
131,244.34580553563495,2019-04-08 21:50:00
132,244.32995896258893,2019-04-08 22:00:00
133,244.3136144631224,2019-04-08 22:10:00
134,244.2969256837001,2019-04-08 22:20:00
135,244.2841775464933,2019-04-08 22:30:00
136,244.2704398283633,2019-04-08 22:40:00
137,244.2592526652841,2019-04-08 22:50:00
138,244.24042240797596,2019-04-08 23:00:00
139,244.23211642378658,2019-04-08 23:10:00
140,244.20970783455027,2019-04-08 23:20:00
141,244.1984264389489,2019-04-08 23:30:00
142,244.18110343839496,2019-04-08 23:40:00
143,244.16571034406425,2019-04-08 23:50:00
144,244.1515571302381,2019-04-09 00:00:00
145,244.13566847117656,2019-04-09 00:10:00
146,244.11815382102267,2019-04-09 00:20:00
147,244.10029148560506,2019-04-09 00:30:00
148,244.08159243080772,2019-04-09 00:40:00
149,244.0625824944443,2019-04-09 00:50:00
150,244.05408091534372,2019-04-09 01:00:00
151,244.0329867279164,2019-04-09 01:10:00
152,244.0145652391381,2019-04-09 01:20:00
153,243.99785906576972,2019-04-09 01:30:00
154,243.9827592875703,2019-04-09 01:40:00
155,243.9714726445834,2019-04-09 01:50:00
156,243.95661525635518,2019-04-09 02:00:00
157,243.94585755707985,2019-04-09 02:10:00
158,243.92856321150848,2019-04-09 02:20:00
159,243.91252340555093,2019-04-09 02:30:00
160,243.9056436187079,2019-04-09 02:40:00
161,243.8937088614777,2019-04-09 02:50:00
162,243.88417941716045,2019-04-09 03:00:00
163,243.88333845663536,2019-04-09 03:10:00
164,243.87470783278212,2019-04-09 03:20:00
165,243.87275591805326,2019-04-09 03:30:00
166,243.8797097261421,2019-04-09 03:40:00
167,243.88251728228008,2019-04-09 03:50:00
168,243.88219277193883,2019-04-09 04:00:00
169,243.87963354636247,2019-04-09 04:10:00
170,243.88361783245304,2019-04-09 04:20:00
171,243.88630736501116,2019-04-09 04:30:00
172,243.87524097356498,2019-04-09 04:40:00
173,243.90124567572082,2019-04-09 04:50:00
174,243.950227924722,2019-04-09 05:00:00
175,243.95216430695103,2019-04-09 05:10:00
176,243.93539948999907,2019-04-09 05:20:00
177,243.90631595980625,2019-04-09 05:30:00
178,243.9038329232848,2019-04-09 05:40:00
179,243.8951233991313,2019-04-09 05:50:00
180,243.88673354459306,2019-04-09 06:00:00
181,243.8816792091616,2019-04-09 06:10:00
182,243.866988661119,2019-04-09 06:20:00
183,243.85083738081832,2019-04-09 06:30:00
184,243.83097656232582,2019-04-09 06:40:00
185,243.81416624935218,2019-04-09 06:50:00
186,243.79882232916,2019-04-09 07:00:00
187,243.77976258790412,2019-04-09 07:10:00
188,243.75715691818309,2019-04-09 07:20:00
189,243.72771074174668,2019-04-09 07:30:00
190,243.7059634767638,2019-04-09 07:40:00
191,243.68682458679515,2019-04-09 07:50:00
192,243.65491815710845,2019-04-09 08:00:00
193,243.6230010255236,2019-04-09 08:10:00
194,243.59694439658767,2019-04-09 08:20:00
195,243.56662658368415,2019-04-09 08:30:00
196,243.5348251019201,2019-04-09 08:40:00
197,243.50709362485642,2019-04-09 08:50:00
198,243.47907715081178,2019-04-09 09:00:00
199,243.45408694324527,2019-04-09 09:10:00
200,243.4254111977666,2019-04-09 09:20:00
201,243.40134477549503,2019-04-09 09:30:00
202,243.37599403694497,2019-04-09 09:40:00
203,243.35016719377396,2019-04-09 09:50:00
204,243.32298099637737,2019-04-09 10:00:00
205,243.29221481172107,2019-04-09 10:10:00
206,243.25013133501201,2019-04-09 10:20:00
207,243.21362385924306,2019-04-09 10:30:00
208,243.1793193466105,2019-04-09 10:40:00
209,243.14726446173503,2019-04-09 10:50:00
210,243.1179608250064,2019-04-09 11:00:00
211,243.09126660529446,2019-04-09 11:10:00
212,243.06176344594903,2019-04-09 11:20:00
213,243.04332178785668,2019-04-09 11:30:00
214,243.0194903151985,2019-04-09 11:40:00
215,242.99078779691985,2019-04-09 11:50:00
216,242.96476963925616,2019-04-09 12:00:00
217,242.9444090224709,2019-04-09 12:10:00
218,242.92898011018866,2019-04-09 12:20:00
219,242.9147055145734,2019-04-09 12:30:00
220,242.9015397976217,2019-04-09 12:40:00
221,242.88430066960584,2019-04-09 12:50:00
222,242.8817029581427,2019-04-09 13:00:00
223,242.8640523654098,2019-04-09 13:10:00
224,242.85199601987614,2019-04-09 13:20:00
225,242.8392642055737,2019-04-09 13:30:00
226,242.82522189437972,2019-04-09 13:40:00
227,242.8107543068234,2019-04-09 13:50:00
228,242.8004551109456,2019-04-09 14:00:00
229,242.79296452942017,2019-04-09 14:10:00
230,242.78296067911884,2019-04-09 14:20:00
231,242.77023560183704,2019-04-09 14:30:00
232,242.76810702301722,2019-04-09 14:40:00
233,242.7639067217268,2019-04-09 14:50:00
234,242.7594021649616,2019-04-09 15:00:00
235,242.7503772089291,2019-04-09 15:10:00
236,242.74582204841613,2019-04-09 15:20:00
237,242.7402731959522,2019-04-09 15:30:00
238,242.73532458304757,2019-04-09 15:40:00
239,242.73429009264373,2019-04-09 15:50:00
240,242.73267029481227,2019-04-09 16:00:00
241,242.7335683851836,2019-04-09 16:10:00
242,242.73912616939236,2019-04-09 16:20:00
243,242.73892029942917,2019-04-09 16:30:00
244,242.74247116927702,2019-04-09 16:40:00
245,242.7442682226615,2019-04-09 16:50:00
246,242.7289153011696,2019-04-09 17:00:00
247,242.7331300267751,2019-04-09 17:10:00
248,242.7344344370977,2019-04-09 17:20:00
249,242.7385005448172,2019-04-09 17:30:00
250,242.74323329376682,2019-04-09 17:40:00
251,242.73749530656448,2019-04-09 17:50:00
252,242.74105395831444,2019-04-09 18:00:00
253,242.73960475797668,2019-04-09 18:10:00
254,242.72880306253415,2019-04-09 18:20:00
255,242.72377164363618,2019-04-09 18:30:00
256,242.72528388242904,2019-04-09 18:40:00
257,242.7166794608429,2019-04-09 18:50:00
258,242.70445871962482,2019-04-09 19:00:00
259,242.70181631776887,2019-04-09 19:10:00
260,242.6999161282816,2019-04-09 19:20:00
261,242.69487291592893,2019-04-09 19:30:00
262,242.69096992361884,2019-04-09 19:40:00
263,242.6795505493047,2019-04-09 19:50:00
264,242.6808303210397,2019-04-09 20:00:00
265,242.6754104864055,2019-04-09 20:10:00
266,242.66613894710343,2019-04-09 20:20:00
267,242.6582697315487,2019-04-09 20:30:00
268,242.65120219463108,2019-04-09 20:40:00
269,242.6370768829951,2019-04-09 20:50:00
270,242.62566004989282,2019-04-09 21:00:00
271,242.6105233938708,2019-04-09 21:10:00
272,242.6020347165411,2019-04-09 21:20:00
273,242.59886064328583,2019-04-09 21:30:00
274,242.59664040414157,2019-04-09 21:40:00
275,242.59572688081482,2019-04-09 21:50:00
276,242.59587824676942,2019-04-09 22:00:00
277,242.59172802661564,2019-04-09 22:10:00
278,242.5915262453131,2019-04-09 22:20:00
279,242.58389448922128,2019-04-09 22:30:00
280,242.57735328729686,2019-04-09 22:40:00
281,242.56971605095168,2019-04-09 22:50:00
282,242.56950387132161,2019-04-09 23:00:00
283,242.56063137073104,2019-04-09 23:10:00
284,242.5446406064103,2019-04-09 23:20:00
285,242.53322605632275,2019-04-09 23:30:00
286,242.51754444664815,2019-04-09 23:40:00
287,242.50414030150367,2019-04-09 23:50:00
288,242.49317048458138,2019-04-10 00:00:00
289,242.47520818492032,2019-04-10 00:10:00
290,242.45891273100725,2019-04-10 00:20:00
291,242.43832786247242,2019-04-10 00:30:00
292,242.41529330570344,2019-04-10 00:40:00
293,242.39762878390903,2019-04-10 00:50:00
294,242.3669196135931,2019-04-10 01:00:00
295,242.35009878303262,2019-04-10 01:10:00
296,242.32923716451322,2019-04-10 01:20:00
297,242.30719125421902,2019-04-10 01:30:00
298,242.28618371115303,2019-04-10 01:40:00
299,242.25885871902668,2019-04-10 01:50:00
300,242.23748426698762,2019-04-10 02:00:00
301,242.2120711373726,2019-04-10 02:10:00
302,242.19387814322744,2019-04-10 02:20:00
303,242.16699282869232,2019-04-10 02:30:00
304,242.141256724654,2019-04-10 02:40:00
305,242.11360807521962,2019-04-10 02:50:00
306,242.08552144527505,2019-04-10 03:00:00
307,242.056623332091,2019-04-10 03:10:00
308,242.0315804436319,2019-04-10 03:20:00
309,242.0037659089373,2019-04-10 03:30:00
310,241.9898956732532,2019-04-10 03:40:00
311,241.97751982868527,2019-04-10 03:50:00
312,241.96138132660224,2019-04-10 04:00:00
313,241.95571092441966,2019-04-10 04:10:00
314,241.93399414504714,2019-04-10 04:20:00
315,241.91675002503933,2019-04-10 04:30:00
316,241.89617800941974,2019-04-10 04:40:00
317,241.86830116326416,2019-04-10 04:50:00
318,241.8866197258524,2019-04-10 05:00:00
319,241.857722287165,2019-04-10 05:10:00
320,241.79343813659332,2019-04-10 05:20:00
321,241.7686205462911,2019-04-10 05:30:00
322,241.747463880408,2019-04-10 05:40:00
323,241.7337162329545,2019-04-10 05:50:00
324,241.71364130216682,2019-04-10 06:00:00
325,241.69355761340321,2019-04-10 06:10:00
326,241.6661063851849,2019-04-10 06:20:00
327,241.63296275686787,2019-04-10 06:30:00
328,241.5976328699118,2019-04-10 06:40:00
329,241.5575371003519,2019-04-10 06:50:00
330,241.51935205645214,2019-04-10 07:00:00
331,241.4763694339164,2019-04-10 07:10:00
332,241.43278408472727,2019-04-10 07:20:00
333,241.38827406641673,2019-04-10 07:30:00
334,241.33808298096528,2019-04-10 07:40:00
335,241.29324251351602,2019-04-10 07:50:00
336,241.24898875465573,2019-04-10 08:00:00
337,241.1943837975668,2019-04-10 08:10:00
338,241.14611582513103,2019-04-10 08:20:00
339,241.09424854757057,2019-04-10 08:30:00
340,241.0510041293524,2019-04-10 08:40:00
341,241.01364996335633,2019-04-10 08:50:00
342,240.97723527724793,2019-04-10 09:00:00
343,240.93945851311497,2019-04-10 09:10:00
344,240.91385048088847,2019-04-10 09:20:00
345,240.89424459910998,2019-04-10 09:30:00
346,240.87260013862573,2019-04-10 09:40:00
347,240.84961486594648,2019-04-10 09:50:00
348,240.8251736769954,2019-04-10 10:00:00
349,240.81415645538928,2019-04-10 10:10:00
350,240.79247328861308,2019-04-10 10:20:00
351,240.77686906454582,2019-04-10 10:30:00
352,240.76695050600415,2019-04-10 10:40:00
353,240.75172529526608,2019-04-10 10:50:00
354,240.74181872098157,2019-04-10 11:00:00
355,240.73255092851758,2019-04-10 11:10:00
356,240.72942209837242,2019-04-10 11:20:00
357,240.71927850224546,2019-04-10 11:30:00
358,240.71348403655492,2019-04-10 11:40:00
359,240.70749949357517,2019-04-10 11:50:00
360,240.70603152948053,2019-04-10 12:00:00
361,240.7035301634221,2019-04-10 12:10:00
362,240.70210857061872,2019-04-10 12:20:00
363,240.6940005581931,2019-04-10 12:30:00
364,240.69956886784462,2019-04-10 12:40:00
365,240.7000151732662,2019-04-10 12:50:00
366,240.69844101914032,2019-04-10 13:00:00
367,240.70557053735598,2019-04-10 13:10:00
368,240.7190721361807,2019-04-10 13:20:00
369,240.7365914113139,2019-04-10 13:30:00
370,240.75087667006508,2019-04-10 13:40:00
371,240.771922580914,2019-04-10 13:50:00
372,240.79462962335262,2019-04-10 14:00:00
373,240.81884220876992,2019-04-10 14:10:00
374,240.83699269273788,2019-04-10 14:20:00
375,240.86186090308263,2019-04-10 14:30:00
376,240.87676577368092,2019-04-10 14:40:00
377,240.89618133975213,2019-04-10 14:50:00
378,240.91565424804287,2019-04-10 15:00:00
379,240.93554771334442,2019-04-10 15:10:00
380,240.9477585154752,2019-04-10 15:20:00
381,240.9645649825852,2019-04-10 15:30:00
382,240.97843734048843,2019-04-10 15:40:00
383,240.98679962243781,2019-04-10 15:50:00
384,241.0024734968551,2019-04-10 16:00:00
385,241.01516687994155,2019-04-10 16:10:00
386,241.02715588389785,2019-04-10 16:20:00
387,241.04693174805283,2019-04-10 16:30:00
388,241.06508970278682,2019-04-10 16:40:00
389,241.08199607321555,2019-04-10 16:50:00
390,241.08076578697913,2019-04-10 17:00:00
391,241.09939337250663,2019-04-10 17:10:00
392,241.1183321220203,2019-04-10 17:20:00
393,241.13639388129695,2019-04-10 17:30:00
394,241.15667040399785,2019-04-10 17:40:00
395,241.17894723536483,2019-04-10 17:50:00
396,241.20393649888024,2019-04-10 18:00:00
397,241.22053804319103,2019-04-10 18:10:00
398,241.25220160239982,2019-04-10 18:20:00
399,241.27780000701333,2019-04-10 18:30:00
400,241.30336991743752,2019-04-10 18:40:00
401,241.33142127569505,2019-04-10 18:50:00
402,241.35532225313202,2019-04-10 19:00:00
403,241.38732642067814,2019-04-10 19:10:00
404,241.41843314590753,2019-04-10 19:20:00
405,241.44824358873063,2019-04-10 19:30:00
406,241.47870342295036,2019-04-10 19:40:00
407,241.51563121618972,2019-04-10 19:50:00
408,241.5516793187027,2019-04-10 20:00:00
409,241.58882236675544,2019-04-10 20:10:00
410,241.62927491529888,2019-04-10 20:20:00
411,241.6723241204705,2019-04-10 20:30:00
412,241.71212118073987,2019-04-10 20:40:00
413,241.75680580165792,2019-04-10 20:50:00
414,241.79736719609383,2019-04-10 21:00:00
415,241.83842478550656,2019-04-10 21:10:00
416,241.87098455837784,2019-04-10 21:20:00
417,241.9161509541176,2019-04-10 21:30:00
418,241.95593245611852,2019-04-10 21:40:00
419,241.99698966716647,2019-04-10 21:50:00
420,242.04084290866692,2019-04-10 22:00:00
421,242.08623682626487,2019-04-10 22:10:00
422,242.1298432860412,2019-04-10 22:20:00
423,242.17399073846448,2019-04-10 22:30:00
424,242.22035703419013,2019-04-10 22:40:00
425,242.2660441385613,2019-04-10 22:50:00
426,242.31150846249088,2019-04-10 23:00:00
427,242.35415702843963,2019-04-10 23:10:00
428,242.3892464815448,2019-04-10 23:20:00
429,242.4404866676876,2019-04-10 23:30:00
430,242.48768243368224,2019-04-10 23:40:00
431,242.53380855184258,2019-04-10 23:50:00
432,242.577050822397,2019-04-11 00:00:00
433,242.61842266016131,2019-04-11 00:10:00
434,242.65791283605893,2019-04-11 00:20:00
435,242.69581475769016,2019-04-11 00:30:00
436,242.7376129383543,2019-04-11 00:40:00
437,242.77724402506888,2019-04-11 00:50:00
438,242.82043583925056,2019-04-11 01:00:00
439,242.85518689395641,2019-04-11 01:10:00
440,242.89454118634285,2019-04-11 01:20:00
441,242.9288263365543,2019-04-11 01:30:00
442,242.95999239817885,2019-04-11 01:40:00
443,242.99807818931927,2019-04-11 01:50:00
444,243.02442464924619,2019-04-11 02:00:00
445,243.05176724402125,2019-04-11 02:10:00
446,243.08122928402827,2019-04-11 02:20:00
447,243.1044014047288,2019-04-11 02:30:00
448,243.13661752127808,2019-04-11 02:40:00
449,243.1613777973926,2019-04-11 02:50:00
450,243.1900751904826,2019-04-11 03:00:00
451,243.22531363324944,2019-04-11 03:10:00
452,243.253212992625,2019-04-11 03:20:00
453,243.28368388573526,2019-04-11 03:30:00
454,243.31722645061495,2019-04-11 03:40:00
455,243.3574144795303,2019-04-11 03:50:00
456,243.393139343766,2019-04-11 04:00:00
457,243.42586966049984,2019-04-11 04:10:00
458,243.47153907877342,2019-04-11 04:20:00
459,243.50602348768246,2019-04-11 04:30:00
460,243.5353220243165,2019-04-11 04:40:00
461,243.551638086992,2019-04-11 04:50:00
462,243.65364233750702,2019-04-11 05:00:00
463,243.68734465034527,2019-04-11 05:10:00
464,243.68197406926186,2019-04-11 05:20:00
465,243.69482546679745,2019-04-11 05:30:00
466,243.72272205241558,2019-04-11 05:40:00
467,243.74234182945838,2019-04-11 05:50:00
468,243.76166266201255,2019-04-11 06:00:00
469,243.78714958201283,2019-04-11 06:10:00
470,243.80440244517655,2019-04-11 06:20:00
471,243.8213513563835,2019-04-11 06:30:00
472,243.83815045379623,2019-04-11 06:40:00
473,243.85377075993918,2019-04-11 06:50:00
474,243.8695350860441,2019-04-11 07:00:00
475,243.8768376549497,2019-04-11 07:10:00
476,243.89625566167192,2019-04-11 07:20:00
477,243.91461179712303,2019-04-11 07:30:00
478,243.9351505509941,2019-04-11 07:40:00
479,243.95582239829068,2019-04-11 07:50:00
480,243.97867703870983,2019-04-11 08:00:00
481,244.00174351541125,2019-04-11 08:10:00
482,244.01938993082274,2019-04-11 08:20:00
483,244.04112168039603,2019-04-11 08:30:00
484,244.0565616147855,2019-04-11 08:40:00
485,244.0821336236926,2019-04-11 08:50:00
486,244.09438534879357,2019-04-11 09:00:00
487,244.11268486819927,2019-04-11 09:10:00
488,244.1337753050037,2019-04-11 09:20:00
489,244.1451625355436,2019-04-11 09:30:00
490,244.16376590042282,2019-04-11 09:40:00
491,244.18199916010957,2019-04-11 09:50:00
492,244.19763312699897,2019-04-11 10:00:00
493,244.21308367245885,2019-04-11 10:10:00
494,244.21614187464368,2019-04-11 10:20:00
495,244.23005118867775,2019-04-11 10:30:00
496,244.24718147466183,2019-04-11 10:40:00
497,244.27050879670392,2019-04-11 10:50:00
498,244.27937020812539,2019-04-11 11:00:00
499,244.29827803105945,2019-04-11 11:10:00
500,244.3186599317101,2019-04-11 11:20:00
501,244.33877589739254,2019-04-11 11:30:00
502,244.35443860504498,2019-04-11 11:40:00
503,244.37090100501632,2019-04-11 11:50:00
504,244.3892283221767,2019-04-11 12:00:00
505,244.40600965037342,2019-04-11 12:10:00
506,244.4240226822103,2019-04-11 12:20:00
507,244.44525217697225,2019-04-11 12:30:00
508,244.46321713533507,2019-04-11 12:40:00
509,244.48125234539228,2019-04-11 12:50:00
510,244.4955096775546,2019-04-11 13:00:00
511,244.51499642350947,2019-04-11 13:10:00
512,244.53322665892762,2019-04-11 13:20:00
513,244.55230230269692,2019-04-11 13:30:00
514,244.57012723199952,2019-04-11 13:40:00
515,244.5873778617157,2019-04-11 13:50:00
516,244.6082009249551,2019-04-11 14:00:00
517,244.62639683427585,2019-04-11 14:10:00
518,244.64050858107836,2019-04-11 14:20:00
519,244.6688800520828,2019-04-11 14:30:00
520,244.69164653494886,2019-04-11 14:40:00
521,244.71324902266915,2019-04-11 14:50:00
522,244.7315491515563,2019-04-11 15:00:00
523,244.75190751378943,2019-04-11 15:10:00
524,244.76377011045028,2019-04-11 15:20:00
525,244.78347623928062,2019-04-11 15:30:00
526,244.79801590157527,2019-04-11 15:40:00
527,244.8119936390824,2019-04-11 15:50:00
528,244.82947274062144,2019-04-11 16:00:00
529,244.84368944096184,2019-04-11 16:10:00
530,244.85733961492082,2019-04-11 16:20:00
531,244.87092459827653,2019-04-11 16:30:00
532,244.88235352174172,2019-04-11 16:40:00
533,244.89459922012276,2019-04-11 16:50:00
534,244.8880998470533,2019-04-11 17:00:00
535,244.89662605475925,2019-04-11 17:10:00
536,244.9013373360524,2019-04-11 17:20:00
537,244.90880292965454,2019-04-11 17:30:00
538,244.91519604029057,2019-04-11 17:40:00
539,244.91677166175762,2019-04-11 17:50:00
540,244.91988178066958,2019-04-11 18:00:00
541,244.9235523011105,2019-04-11 18:10:00
542,244.92854806199688,2019-04-11 18:20:00
543,244.92385746547254,2019-04-11 18:30:00
544,244.9302046832376,2019-04-11 18:40:00
545,244.9314761304992,2019-04-11 18:50:00
546,244.93165396129825,2019-04-11 19:00:00
547,244.92847397637908,2019-04-11 19:10:00
548,244.9277983273534,2019-04-11 19:20:00
549,244.9246811346471,2019-04-11 19:30:00
550,244.92216874628292,2019-04-11 19:40:00
551,244.9141476645729,2019-04-11 19:50:00
552,244.910129365642,2019-04-11 20:00:00
553,244.9019914336775,2019-04-11 20:10:00
554,244.89648106314644,2019-04-11 20:20:00
555,244.88571595547032,2019-04-11 20:30:00
556,244.87414335544827,2019-04-11 20:40:00
557,244.8600866444733,2019-04-11 20:50:00
558,244.84423551721986,2019-04-11 21:00:00
559,244.82597165079483,2019-04-11 21:10:00
560,244.80892270540176,2019-04-11 21:20:00
561,244.79484389456854,2019-04-11 21:30:00
562,244.77869367518338,2019-04-11 21:40:00
563,244.7661375360685,2019-04-11 21:50:00
564,244.7524218643915,2019-04-11 22:00:00
565,244.7339893716557,2019-04-11 22:10:00
566,244.7232820728423,2019-04-11 22:20:00
567,244.70852024112895,2019-04-11 22:30:00
568,244.70552569060803,2019-04-11 22:40:00
569,244.69120104990512,2019-04-11 22:50:00
570,244.68987344220957,2019-04-11 23:00:00
571,244.68224642170262,2019-04-11 23:10:00
572,244.6707597426619,2019-04-11 23:20:00
573,244.65913290235585,2019-04-11 23:30:00
574,244.6479861990053,2019-04-11 23:40:00
575,244.63555321073397,2019-04-11 23:50:00
576,244.62433112686944,2019-04-12 00:00:00
577,244.61591550326202,2019-04-12 00:10:00
578,244.60349528832631,2019-04-12 00:20:00
579,244.59680642479148,2019-04-12 00:30:00
580,244.5875936920017,2019-04-12 00:40:00
581,244.57329526726295,2019-04-12 00:50:00
582,244.56656921632649,2019-04-12 01:00:00
583,244.5506251527502,2019-04-12 01:10:00
584,244.53294737398915,2019-04-12 01:20:00
585,244.52105496584113,2019-04-12 01:30:00
586,244.51338614006497,2019-04-12 01:40:00
587,244.50808236346938,2019-04-12 01:50:00
588,244.49835879978733,2019-04-12 02:00:00
589,244.48538544151168,2019-04-12 02:10:00
590,244.4796852285395,2019-04-12 02:20:00
591,244.46895356550257,2019-04-12 02:30:00
592,244.46902027723343,2019-04-12 02:40:00
593,244.46504404158568,2019-04-12 02:50:00
594,244.4606771251478,2019-04-12 03:00:00
595,244.4641885660465,2019-04-12 03:10:00
596,244.46145707333568,2019-04-12 03:20:00
597,244.46143097795482,2019-04-12 03:30:00
598,244.4625038143256,2019-04-12 03:40:00
599,244.47112905532543,2019-04-12 03:50:00
600,244.47108264256474,2019-04-12 04:00:00
601,244.4707258478316,2019-04-12 04:10:00
602,244.4758665877509,2019-04-12 04:20:00
603,244.4788175595426,2019-04-12 04:30:00
604,244.49142688799046,2019-04-12 04:40:00
605,244.47826621627013,2019-04-12 04:50:00
606,244.53612445538047,2019-04-12 05:00:00
607,244.5229391618905,2019-04-12 05:10:00
608,244.5109302553133,2019-04-12 05:20:00
609,244.50898609214556,2019-04-12 05:30:00
610,244.51142722224603,2019-04-12 05:40:00
611,244.51594114080953,2019-04-12 05:50:00
612,244.52508816217477,2019-04-12 06:00:00
613,244.53120192574588,2019-04-12 06:10:00
614,244.53715157988918,2019-04-12 06:20:00
615,244.5388073036869,2019-04-12 06:30:00
616,244.53753276329013,2019-04-12 06:40:00
617,244.5332004758096,2019-04-12 06:50:00
618,244.52845604217566,2019-04-12 07:00:00
619,244.52222384569396,2019-04-12 07:10:00
620,244.51355181345158,2019-04-12 07:20:00
621,244.49785923205087,2019-04-12 07:30:00
622,244.48769904704307,2019-04-12 07:40:00
623,244.48337684275864,2019-04-12 07:50:00
624,244.47603777360843,2019-04-12 08:00:00
625,244.46342011720853,2019-04-12 08:10:00
626,244.45941303164682,2019-04-12 08:20:00
627,244.4552298790841,2019-04-12 08:30:00
628,244.44758462365812,2019-04-12 08:40:00
629,244.42818236091915,2019-04-12 08:50:00
630,244.4155466227557,2019-04-12 09:00:00
631,244.40148997013242,2019-04-12 09:10:00
632,244.38817938487838,2019-04-12 09:20:00
633,244.3671854664888,2019-04-12 09:30:00
634,244.35436359509555,2019-04-12 09:40:00
635,244.33968690950084,2019-04-12 09:50:00
636,244.32988980194247,2019-04-12 10:00:00
637,244.31555820967603,2019-04-12 10:10:00
638,244.30254568020808,2019-04-12 10:20:00
639,244.2854341883964,2019-04-12 10:30:00
640,244.2754952234061,2019-04-12 10:40:00
641,244.2550309921845,2019-04-12 10:50:00
642,244.23857444139242,2019-04-12 11:00:00
643,244.22387675420669,2019-04-12 11:10:00
644,244.20466799761346,2019-04-12 11:20:00
645,244.18811282123247,2019-04-12 11:30:00
646,244.16944531686414,2019-04-12 11:40:00
647,244.14859674885517,2019-04-12 11:50:00
648,244.13354402472973,2019-04-12 12:00:00
649,244.11686419714974,2019-04-12 12:10:00
650,244.1045795907246,2019-04-12 12:20:00
651,244.09354459846418,2019-04-12 12:30:00
652,244.0855320593585,2019-04-12 12:40:00
653,244.07360716047108,2019-04-12 12:50:00
654,244.07136931540626,2019-04-12 13:00:00
655,244.07109600691825,2019-04-12 13:10:00
656,244.07037289511288,2019-04-12 13:20:00
657,244.07164832143596,2019-04-12 13:30:00
658,244.0704184447389,2019-04-12 13:40:00
659,244.07205829610558,2019-04-12 13:50:00
660,244.0737295938881,2019-04-12 14:00:00
661,244.0755604844563,2019-04-12 14:10:00
662,244.07443573522758,2019-04-12 14:20:00
663,244.07032165190003,2019-04-12 14:30:00
664,244.07799811938543,2019-04-12 14:40:00
665,244.0779554014203,2019-04-12 14:50:00
666,244.07583100261826,2019-04-12 15:00:00
667,244.0671220419576,2019-04-12 15:10:00
668,244.0696270338351,2019-04-12 15:20:00
669,244.06049661909472,2019-04-12 15:30:00
670,244.0550765742376,2019-04-12 15:40:00
671,244.0497659828778,2019-04-12 15:50:00
672,244.04244369031875,2019-04-12 16:00:00
673,244.03737500971909,2019-04-12 16:10:00
674,244.03397571772666,2019-04-12 16:20:00
675,244.03188979865726,2019-04-12 16:30:00
676,244.03159994595367,2019-04-12 16:40:00
677,244.0282385109486,2019-04-12 16:50:00
678,244.01118661764718,2019-04-12 17:00:00
679,244.0120326423238,2019-04-12 17:10:00
680,244.01291560994446,2019-04-12 17:20:00
681,244.01017881330608,2019-04-12 17:30:00
682,244.00414717827255,2019-04-12 17:40:00
683,244.01103047582558,2019-04-12 17:50:00
684,244.00848410617215,2019-04-12 18:00:00
685,244.0020272867541,2019-04-12 18:10:00
686,244.00327592556974,2019-04-12 18:20:00
687,244.01230803344268,2019-04-12 18:30:00
688,244.01842149717828,2019-04-12 18:40:00
689,244.0154653488567,2019-04-12 18:50:00
690,244.01585436703385,2019-04-12 19:00:00
691,244.0216507273049,2019-04-12 19:10:00
692,244.02010847455315,2019-04-12 19:20:00
693,244.02540315646263,2019-04-12 19:30:00
694,244.0274486648732,2019-04-12 19:40:00
695,244.0312987306551,2019-04-12 19:50:00
696,244.0323046927216,2019-04-12 20:00:00
697,244.037295421433,2019-04-12 20:10:00
698,244.0422617313976,2019-04-12 20:20:00
699,244.0423811417643,2019-04-12 20:30:00
700,244.04728891805667,2019-04-12 20:40:00
701,244.04819609896842,2019-04-12 20:50:00
702,244.05186787446456,2019-04-12 21:00:00
703,244.05664981010383,2019-04-12 21:10:00
704,244.059904757132,2019-04-12 21:20:00
705,244.05990191168144,2019-04-12 21:30:00
706,244.06218977652838,2019-04-12 21:40:00
707,244.06485357039728,2019-04-12 21:50:00
708,244.06676339675957,2019-04-12 22:00:00
709,244.0668089386724,2019-04-12 22:10:00
710,244.0594153452317,2019-04-12 22:20:00
711,244.046467085304,2019-04-12 22:30:00
712,244.03925394810287,2019-04-12 22:40:00
713,244.01654723451745,2019-04-12 22:50:00
714,243.9952121439421,2019-04-12 23:00:00
715,243.9632905925816,2019-04-12 23:10:00
716,243.9406476884577,2019-04-12 23:20:00
717,243.91003964495158,2019-04-12 23:30:00
718,243.89471116887242,2019-04-12 23:40:00
719,243.87337080829255,2019-04-12 23:50:00
720,243.848355173154,2019-04-13 00:00:00
721,243.82921443001754,2019-04-13 00:10:00
722,243.80886759214752,2019-04-13 00:20:00
723,243.78441918491995,2019-04-13 00:30:00
724,243.7554457712335,2019-04-13 00:40:00
725,243.72929638732796,2019-04-13 00:50:00
726,243.70144433908038,2019-04-13 01:00:00
727,243.68028293870225,2019-04-13 01:10:00
728,243.6564900051794,2019-04-13 01:20:00
729,243.63446681551304,2019-04-13 01:30:00
730,243.6117392358891,2019-04-13 01:40:00
731,243.5887743315629,2019-04-13 01:50:00
732,243.57090301016552,2019-04-13 02:00:00
733,243.5408222607109,2019-04-13 02:10:00
734,243.51925428338254,2019-04-13 02:20:00
735,243.49448828442607,2019-04-13 02:30:00
736,243.4736648595712,2019-04-13 02:40:00
737,243.451432201022,2019-04-13 02:50:00
738,243.43311523962174,2019-04-13 03:00:00
739,243.413235182238,2019-04-13 03:10:00
740,243.402095144818,2019-04-13 03:20:00
741,243.3874043221049,2019-04-13 03:30:00
742,243.37092476925145,2019-04-13 03:40:00
743,243.3651489343919,2019-04-13 03:50:00
744,243.35294690796096,2019-04-13 04:00:00
745,243.34527743267597,2019-04-13 04:10:00
746,243.33056542246482,2019-04-13 04:20:00
747,243.3280910453878,2019-04-13 04:30:00
748,243.32830273079483,2019-04-13 04:40:00
749,243.3175451906908,2019-04-13 04:50:00
750,243.32483080730748,2019-04-13 05:00:00
751,243.3103554701896,2019-04-13 05:10:00
752,243.29737235049348,2019-04-13 05:20:00
753,243.2825344352233,2019-04-13 05:30:00
754,243.26644318959498,2019-04-13 05:40:00
755,243.24546724295644,2019-04-13 05:50:00
756,243.21445237900883,2019-04-13 06:00:00
757,243.1826064124657,2019-04-13 06:10:00
758,243.1506992219037,2019-04-13 06:20:00
759,243.11237055929627,2019-04-13 06:30:00
760,243.08183253033886,2019-04-13 06:40:00
761,243.04107330934602,2019-04-13 06:50:00
762,243.00715003747325,2019-04-13 07:00:00
763,242.9720591737146,2019-04-13 07:10:00
764,242.94009254218503,2019-04-13 07:20:00
765,242.90817688097167,2019-04-13 07:30:00
766,242.86772925290214,2019-04-13 07:40:00
767,242.8314080615681,2019-04-13 07:50:00
768,242.79839587449595,2019-04-13 08:00:00
769,242.76534420686798,2019-04-13 08:10:00
770,242.72929745147653,2019-04-13 08:20:00
771,242.68715033230072,2019-04-13 08:30:00
772,242.65002006473733,2019-04-13 08:40:00
773,242.616080745338,2019-04-13 08:50:00
774,242.58085052124702,2019-04-13 09:00:00
775,242.55428555508496,2019-04-13 09:10:00
776,242.52951434947516,2019-04-13 09:20:00
777,242.50478016351173,2019-04-13 09:30:00
778,242.47969468304495,2019-04-13 09:40:00
779,242.44491831543914,2019-04-13 09:50:00
780,242.4159910322198,2019-04-13 10:00:00
781,242.39086376665557,2019-04-13 10:10:00
782,242.36948619549077,2019-04-13 10:20:00
783,242.34641658950662,2019-04-13 10:30:00
784,242.3293394283316,2019-04-13 10:40:00
785,242.3066280915284,2019-04-13 10:50:00
786,242.2865291291636,2019-04-13 11:00:00
787,242.2677957770541,2019-04-13 11:10:00
788,242.25179070388316,2019-04-13 11:20:00
789,242.23845286957106,2019-04-13 11:30:00
790,242.22398591340885,2019-04-13 11:40:00
791,242.20464607690013,2019-04-13 11:50:00
792,242.19194508582595,2019-04-13 12:00:00
793,242.1889676916002,2019-04-13 12:10:00
794,242.17642194496136,2019-04-13 12:20:00
795,242.16811431528183,2019-04-13 12:30:00
796,242.16185973412368,2019-04-13 12:40:00
797,242.1547774460872,2019-04-13 12:50:00
798,242.15081469524102,2019-04-13 13:00:00
799,242.1475545669588,2019-04-13 13:10:00
800,242.14263153616452,2019-04-13 13:20:00
801,242.14615083977083,2019-04-13 13:30:00
802,242.15163630657298,2019-04-13 13:40:00
803,242.15708159365016,2019-04-13 13:50:00
804,242.1659442538444,2019-04-13 14:00:00
805,242.173196882913,2019-04-13 14:10:00
806,242.1751464375293,2019-04-13 14:20:00
807,242.1759273512574,2019-04-13 14:30:00
808,242.17131777715213,2019-04-13 14:40:00
809,242.18226684154263,2019-04-13 14:50:00
810,242.190306555099,2019-04-13 15:00:00
811,242.1856391360272,2019-04-13 15:10:00
812,242.18702206341462,2019-04-13 15:20:00
813,242.1920076078114,2019-04-13 15:30:00
814,242.18191792458785,2019-04-13 15:40:00
815,242.18132425830623,2019-04-13 15:50:00
816,242.17940276927516,2019-04-13 16:00:00
817,242.1789601747454,2019-04-13 16:10:00
818,242.17786674586728,2019-04-13 16:20:00
819,242.17343894060815,2019-04-13 16:30:00
820,242.16457832290445,2019-04-13 16:40:00
821,242.15932096786457,2019-04-13 16:50:00
822,242.13555832361,2019-04-13 17:00:00
823,242.13755895411174,2019-04-13 17:10:00
824,242.14496034465554,2019-04-13 17:20:00
825,242.14829286111356,2019-04-13 17:30:00
826,242.15850165692996,2019-04-13 17:40:00
827,242.16804145586644,2019-04-13 17:50:00
828,242.17401936988082,2019-04-13 18:00:00
829,242.1868319380584,2019-04-13 18:10:00
830,242.19253905219742,2019-04-13 18:20:00
831,242.21304117744728,2019-04-13 18:30:00
832,242.2225822898618,2019-04-13 18:40:00
833,242.22723182566384,2019-04-13 18:50:00
834,242.22607847789644,2019-04-13 19:00:00
835,242.21760513872016,2019-04-13 19:10:00
836,242.20284235006,2019-04-13 19:20:00
837,242.18917346468442,2019-04-13 19:30:00
838,242.1778042659354,2019-04-13 19:40:00
839,242.16759129436653,2019-04-13 19:50:00
840,242.152793377012,2019-04-13 20:00:00
841,242.1408695066479,2019-04-13 20:10:00
842,242.12589302570328,2019-04-13 20:20:00
843,242.1120353311711,2019-04-13 20:30:00
844,242.09232891978797,2019-04-13 20:40:00
845,242.07780931963802,2019-04-13 20:50:00
846,242.05789166259405,2019-04-13 21:00:00
847,242.0469166700396,2019-04-13 21:10:00
848,242.03464679275575,2019-04-13 21:20:00
849,242.02772099666717,2019-04-13 21:30:00
850,242.01734304390956,2019-04-13 21:40:00
851,242.0054467555231,2019-04-13 21:50:00
852,241.99401139441585,2019-04-13 22:00:00
853,241.97828053396628,2019-04-13 22:10:00
854,241.95724366255558,2019-04-13 22:20:00
855,241.94951156155224,2019-04-13 22:30:00
856,241.9347841541781,2019-04-13 22:40:00
857,241.9229988662207,2019-04-13 22:50:00
858,241.9061209864389,2019-04-13 23:00:00
859,241.89686898381703,2019-04-13 23:10:00
860,241.889839574418,2019-04-13 23:20:00
861,241.87951931935615,2019-04-13 23:30:00
862,241.87499489882157,2019-04-13 23:40:00
863,241.86754443609368,2019-04-13 23:50:00
864,241.86084025680415,2019-04-14 00:00:00
865,241.85267964511516,2019-04-14 00:10:00
866,241.84518585898635,2019-04-14 00:20:00
867,241.839777338106,2019-04-14 00:30:00
868,241.82057056399663,2019-04-14 00:40:00
869,241.80436310325325,2019-04-14 00:50:00
870,241.79064708580847,2019-04-14 01:00:00
871,241.7815378633462,2019-04-14 01:10:00
872,241.76748702196613,2019-04-14 01:20:00
873,241.75666036025677,2019-04-14 01:30:00
874,241.74232020442662,2019-04-14 01:40:00
875,241.73843459567047,2019-04-14 01:50:00
876,241.71824562618062,2019-04-14 02:00:00
877,241.70540290363587,2019-04-14 02:10:00
878,241.683722590822,2019-04-14 02:20:00
879,241.67321106687808,2019-04-14 02:30:00
880,241.6654204384128,2019-04-14 02:40:00
881,241.6577241323346,2019-04-14 02:50:00
882,241.64515958117585,2019-04-14 03:00:00
883,241.6409240139109,2019-04-14 03:10:00
884,241.62844308487644,2019-04-14 03:20:00
885,241.61634470481255,2019-04-14 03:30:00
886,241.6091503476092,2019-04-14 03:40:00
887,241.59322715458558,2019-04-14 03:50:00
888,241.5825180456377,2019-04-14 04:00:00
889,241.570949459382,2019-04-14 04:10:00
890,241.5494988638632,2019-04-14 04:20:00
891,241.526982480282,2019-04-14 04:30:00
892,241.5061719118668,2019-04-14 04:40:00
893,241.4797886781216,2019-04-14 04:50:00
894,241.47160910552827,2019-04-14 05:00:00
895,241.441355647074,2019-04-14 05:10:00
896,241.42525074777433,2019-04-14 05:20:00
897,241.39579157318988,2019-04-14 05:30:00
898,241.36927921906434,2019-04-14 05:40:00
899,241.34722377771118,2019-04-14 05:50:00
900,241.3165601305197,2019-04-14 06:00:00
901,241.28314995380126,2019-04-14 06:10:00
902,241.24778842218777,2019-04-14 06:20:00
903,241.21005053550542,2019-04-14 06:30:00
904,241.1731822498394,2019-04-14 06:40:00
905,241.1314182179371,2019-04-14 06:50:00
906,241.09766510371136,2019-04-14 07:00:00
907,241.05092765695653,2019-04-14 07:10:00
908,241.01539836718632,2019-04-14 07:20:00
909,240.97964684837413,2019-04-14 07:30:00
910,240.947405047573,2019-04-14 07:40:00
911,240.91806114817416,2019-04-14 07:50:00
912,240.88684697851693,2019-04-14 08:00:00
913,240.86250871899043,2019-04-14 08:10:00
914,240.8324371095046,2019-04-14 08:20:00
915,240.80351071829,2019-04-14 08:30:00
916,240.7681137141063,2019-04-14 08:40:00
917,240.74035076164628,2019-04-14 08:50:00
918,240.70992368109276,2019-04-14 09:00:00
919,240.67402658341354,2019-04-14 09:10:00
920,240.64743896635503,2019-04-14 09:20:00
921,240.62455613607892,2019-04-14 09:30:00
922,240.60084148271028,2019-04-14 09:40:00
923,240.57965695413108,2019-04-14 09:50:00
924,240.5542567910812,2019-04-14 10:00:00
925,240.5358509186909,2019-04-14 10:10:00
926,240.5190170395196,2019-04-14 10:20:00
927,240.5082858945348,2019-04-14 10:30:00
928,240.4887849982093,2019-04-14 10:40:00
929,240.47373586413528,2019-04-14 10:50:00
930,240.45696666317176,2019-04-14 11:00:00
931,240.43730794104567,2019-04-14 11:10:00
932,240.4129640551204,2019-04-14 11:20:00
933,240.39060340571538,2019-04-14 11:30:00
934,240.36792787362742,2019-04-14 11:40:00
935,240.34966982029732,2019-04-14 11:50:00
936,240.32864955869306,2019-04-14 12:00:00
937,240.3160257210913,2019-04-14 12:10:00
938,240.30340480960132,2019-04-14 12:20:00
939,240.28741714320145,2019-04-14 12:30:00
940,240.2714513085371,2019-04-14 12:40:00
941,240.26340768800824,2019-04-14 12:50:00
942,240.25491135414052,2019-04-14 13:00:00
943,240.2429041758592,2019-04-14 13:10:00
944,240.23851032497188,2019-04-14 13:20:00
945,240.2375234974608,2019-04-14 13:30:00
946,240.23566146304267,2019-04-14 13:40:00
947,240.24035838085015,2019-04-14 13:50:00
948,240.2496462312783,2019-04-14 14:00:00
949,240.2573615880791,2019-04-14 14:10:00
950,240.27218313368144,2019-04-14 14:20:00
951,240.28991878769685,2019-04-14 14:30:00
952,240.31226863724103,2019-04-14 14:40:00
953,240.33237625157366,2019-04-14 14:50:00
954,240.35701214846006,2019-04-14 15:00:00
955,240.37718950653561,2019-04-14 15:10:00
956,240.3862928113355,2019-04-14 15:20:00
957,240.4082900444104,2019-04-14 15:30:00
958,240.4138229055326,2019-04-14 15:40:00
959,240.42448135134939,2019-04-14 15:50:00
960,240.43149584507668,2019-04-14 16:00:00
961,240.4373007557436,2019-04-14 16:10:00
962,240.44298271175148,2019-04-14 16:20:00
963,240.44567811287988,2019-04-14 16:30:00
964,240.45662144446968,2019-04-14 16:40:00
965,240.46461089345684,2019-04-14 16:50:00
966,240.4468498231201,2019-04-14 17:00:00
967,240.44841699917046,2019-04-14 17:10:00
968,240.4494930035729,2019-04-14 17:20:00
969,240.43839774067484,2019-04-14 17:30:00
970,240.42572128376412,2019-04-14 17:40:00
971,240.41383486748867,2019-04-14 17:50:00
972,240.3970757589454,2019-04-14 18:00:00
973,240.37495191428695,2019-04-14 18:10:00
974,240.356873769954,2019-04-14 18:20:00
975,240.33387045283246,2019-04-14 18:30:00
976,240.31204723340164,2019-04-14 18:40:00
977,240.291512197832,2019-04-14 18:50:00
978,240.2698166756097,2019-04-14 19:00:00
979,240.25123654661087,2019-04-14 19:10:00
980,240.228627567463,2019-04-14 19:20:00
981,240.20107231441818,2019-04-14 19:30:00
982,240.17248245485854,2019-04-14 19:40:00
983,240.1397267554195,2019-04-14 19:50:00
984,240.10806709253572,2019-04-14 20:00:00
985,240.0704499354332,2019-04-14 20:10:00
986,240.0353275037216,2019-04-14 20:20:00
987,239.99476379755748,2019-04-14 20:30:00
988,239.94807044935268,2019-04-14 20:40:00
989,239.90197249236297,2019-04-14 20:50:00
990,239.8586600812437,2019-04-14 21:00:00
991,239.81326298972363,2019-04-14 21:10:00
992,239.77027753668926,2019-04-14 21:20:00
993,239.73289945656728,2019-04-14 21:30:00
994,239.69643009624386,2019-04-14 21:40:00
995,239.66760187282318,2019-04-14 21:50:00
996,239.64284695544129,2019-04-14 22:00:00
997,239.61303938341683,2019-04-14 22:10:00
998,239.58456876918322,2019-04-14 22:20:00
999,239.55812513375045,2019-04-14 22:30:00
1000,239.53031705416782,2019-04-14 22:40:00
1001,239.50208176183568,2019-04-14 22:50:00
1002,239.4698781427617,2019-04-14 23:00:00
1003,239.44366342449607,2019-04-14 23:10:00
1004,239.42127590584252,2019-04-14 23:20:00
1005,239.39932270093254,2019-04-14 23:30:00
1006,239.38247430029284,2019-04-14 23:40:00
1007,239.3655828336264,2019-04-14 23:50:00
1008,239.34876657165242,2019-04-15 00:00:00
1009,239.33020236907527,2019-04-15 00:10:00
1010,239.3171466068536,2019-04-15 00:20:00
1011,239.30434398894627,2019-04-15 00:30:00
1012,239.29856331065528,2019-04-15 00:40:00
1013,239.293867422531,2019-04-15 00:50:00
1014,239.3004469532132,2019-04-15 01:00:00
1015,239.3012902281749,2019-04-15 01:10:00
1016,239.31358057750782,2019-04-15 01:20:00
1017,239.3257511773335,2019-04-15 01:30:00
1018,239.33815608004002,2019-04-15 01:40:00
1019,239.35255914525467,2019-04-15 01:50:00
1020,239.36829135951317,2019-04-15 02:00:00
1021,239.38068781278972,2019-04-15 02:10:00
1022,239.39923159140588,2019-04-15 02:20:00
1023,239.4105550396491,2019-04-15 02:30:00
1024,239.43696035716061,2019-04-15 02:40:00
1025,239.46151239393916,2019-04-15 02:50:00
1026,239.4904150278439,2019-04-15 03:00:00
1027,239.515321827948,2019-04-15 03:10:00
1028,239.5354363532144,2019-04-15 03:20:00
1029,239.5582720383987,2019-04-15 03:30:00
1030,239.58735682533455,2019-04-15 03:40:00
1031,239.60208254609609,2019-04-15 03:50:00
1032,239.62651677793545,2019-04-15 04:00:00
1033,239.6481303064533,2019-04-15 04:10:00
1034,239.6591001181308,2019-04-15 04:20:00
1035,239.67254072909,2019-04-15 04:30:00
1036,239.68617487934551,2019-04-15 04:40:00
1037,239.69816560131463,2019-04-15 04:50:00
1038,239.73656198069543,2019-04-15 05:00:00
1039,239.75059532561482,2019-04-15 05:10:00
1040,239.7586388651159,2019-04-15 05:20:00
1041,239.76992271523997,2019-04-15 05:30:00
1042,239.774410612346,2019-04-15 05:40:00
1043,239.7774193254401,2019-04-15 05:50:00
1044,239.7844893234978,2019-04-15 06:00:00
1045,239.77842619400013,2019-04-15 06:10:00
1046,239.78055841192128,2019-04-15 06:20:00
1047,239.77923590043446,2019-04-15 06:30:00
1048,239.78484671622257,2019-04-15 06:40:00
1049,239.7768022367303,2019-04-15 06:50:00
1050,239.7748119033918,2019-04-15 07:00:00
1051,239.77239267738807,2019-04-15 07:10:00
1052,239.7738446428625,2019-04-15 07:20:00
1053,239.77390958939196,2019-04-15 07:30:00
1054,239.77534310411758,2019-04-15 07:40:00
1055,239.77251792278025,2019-04-15 07:50:00
1056,239.77957000059934,2019-04-15 08:00:00
1057,239.7875668168831,2019-04-15 08:10:00
1058,239.79375336335303,2019-04-15 08:20:00
1059,239.79123441426214,2019-04-15 08:30:00
1060,239.7942316501632,2019-04-15 08:40:00
1061,239.79258555426202,2019-04-15 08:50:00
1062,239.78000619506562,2019-04-15 09:00:00
1063,239.77263621079288,2019-04-15 09:10:00
1064,239.7702218780193,2019-04-15 09:20:00
1065,239.76640034168759,2019-04-15 09:30:00
1066,239.7687284264281,2019-04-15 09:40:00
1067,239.76951456216332,2019-04-15 09:50:00
1068,239.77179429322774,2019-04-15 10:00:00
1069,239.7759763874776,2019-04-15 10:10:00
1070,239.7856868455709,2019-04-15 10:20:00
1071,239.79220945486338,2019-04-15 10:30:00
1072,239.78359354814881,2019-04-15 10:40:00
1073,239.7791894980615,2019-04-15 10:50:00
1074,239.77231381956818,2019-04-15 11:00:00
1075,239.76494658134152,2019-04-15 11:10:00
1076,239.76009681709283,2019-04-15 11:20:00
1077,239.75582523949345,2019-04-15 11:30:00
1078,239.74179528609812,2019-04-15 11:40:00
1079,239.74094304677516,2019-04-15 11:50:00
1080,239.7399171640651,2019-04-15 12:00:00
1081,239.7408990462441,2019-04-15 12:10:00
1082,240.0656667301767,2019-04-15 15:20:00
1083,240.0941140096846,2019-04-15 15:30:00
1084,240.1288314977636,2019-04-15 15:40:00
1085,240.15703027653126,2019-04-15 15:50:00
1086,240.18228166471192,2019-04-15 16:00:00
1087,240.20114808905518,2019-04-15 16:10:00
1088,240.22189946094468,2019-04-15 16:20:00
1089,240.2459201497072,2019-04-15 16:30:00
1090,240.27002337352158,2019-04-15 16:40:00
1091,240.2968450675103,2019-04-15 16:50:00
1092,240.3026076317969,2019-04-15 17:00:00
1093,240.33089168938804,2019-04-15 17:10:00
1094,240.3528373414109,2019-04-15 17:20:00
1095,240.3785388651165,2019-04-15 17:30:00
1096,240.4051905650619,2019-04-15 17:40:00
1097,240.42399066497853,2019-04-15 17:50:00
1098,240.43431907023307,2019-04-15 18:00:00
1099,240.44826123478367,2019-04-15 18:10:00
1100,240.45312642862763,2019-04-15 18:20:00
1101,240.4503222120821,2019-04-15 18:30:00
1102,240.4426856400785,2019-04-15 18:40:00
1103,240.43322469561846,2019-04-15 18:50:00
1104,240.41359802204303,2019-04-15 19:00:00
1105,240.39617218505865,2019-04-15 19:10:00
1106,240.36322343157101,2019-04-15 19:20:00
1107,240.34381547377583,2019-04-15 19:30:00
1108,240.3119972393137,2019-04-15 19:40:00
1109,240.27880875329697,2019-04-15 19:50:00
1110,240.24465533301083,2019-04-15 20:00:00
1111,240.21421388760442,2019-04-15 20:10:00
1112,240.18230059115945,2019-04-15 20:20:00
1113,240.15030885889863,2019-04-15 20:30:00
1114,240.10795158337376,2019-04-15 20:40:00
1115,240.06601725709308,2019-04-15 20:50:00
1116,240.0204046064243,2019-04-15 21:00:00
1117,239.9765389917969,2019-04-15 21:10:00
1118,239.9301368261083,2019-04-15 21:20:00
1119,239.88327665240402,2019-04-15 21:30:00
1120,239.83387043209515,2019-04-15 21:40:00
1121,239.7858864393384,2019-04-15 21:50:00
1122,239.7373028990261,2019-04-15 22:00:00
1123,239.69116901123647,2019-04-15 22:10:00
1124,239.6435038429246,2019-04-15 22:20:00
1125,239.6046659205944,2019-04-15 22:30:00
1126,239.55533414442436,2019-04-15 22:40:00
1127,239.50347589569057,2019-04-15 22:50:00
1128,239.45478752626914,2019-04-15 23:00:00
1129,239.4195179666805,2019-04-15 23:10:00
1130,239.3777114367075,2019-04-15 23:20:00
1131,239.33674357791642,2019-04-15 23:30:00
1132,239.30302675812013,2019-04-15 23:40:00
1133,239.26536835755604,2019-04-15 23:50:00
1134,239.22495773602736,2019-04-16 00:00:00
1135,239.18240626251068,2019-04-16 00:10:00
1136,239.1352627098322,2019-04-16 00:20:00
1137,239.08469611146919,2019-04-16 00:30:00
1138,239.0345692637314,2019-04-16 00:40:00
1139,238.98242172976362,2019-04-16 00:50:00
1140,238.92944688964332,2019-04-16 01:00:00
1141,238.88106336851658,2019-04-16 01:10:00
1142,238.83184767163232,2019-04-16 01:20:00
1143,238.7919890657636,2019-04-16 01:30:00
1144,238.7518834299577,2019-04-16 01:40:00
1145,238.7109927380781,2019-04-16 01:50:00
1146,238.6782548818941,2019-04-16 02:00:00
1147,238.6390362588721,2019-04-16 02:10:00
1148,238.60654251751748,2019-04-16 02:20:00
1149,238.57843726355952,2019-04-16 02:30:00
1150,238.54219881562958,2019-04-16 02:40:00
1151,238.51480572773002,2019-04-16 02:50:00
1152,238.48968475184364,2019-04-16 03:00:00
1153,238.47055187728057,2019-04-16 03:10:00
1154,238.4462744635316,2019-04-16 03:20:00
1155,238.4352711285419,2019-04-16 03:30:00
1156,238.41546832496724,2019-04-16 03:40:00
1157,238.40042651135929,2019-04-16 03:50:00
1158,238.38169995609462,2019-04-16 04:00:00
1159,238.36346912825385,2019-04-16 04:10:00
1160,238.33473367116304,2019-04-16 04:20:00
1161,238.3118677071289,2019-04-16 04:30:00
1162,238.28986018972992,2019-04-16 04:40:00
1163,238.2640746404839,2019-04-16 04:50:00
1164,238.2656262857924,2019-04-16 05:00:00
1165,238.2404611001961,2019-04-16 05:10:00
1166,238.21458524153618,2019-04-16 05:20:00
1167,238.1890985826976,2019-04-16 05:30:00
1168,238.15904238791038,2019-04-16 05:40:00
1169,238.12132303369296,2019-04-16 05:50:00
1170,238.08142641614552,2019-04-16 06:00:00
1171,238.0305456884031,2019-04-16 06:10:00
1172,237.97555894172447,2019-04-16 06:20:00
1173,237.91704847234433,2019-04-16 06:30:00
1174,237.8681720639592,2019-04-16 06:40:00
1175,237.82751507388767,2019-04-16 06:50:00
1176,237.7784091176548,2019-04-16 07:00:00
1177,237.73616083075905,2019-04-16 07:10:00
1178,237.68898844802817,2019-04-16 07:20:00
1179,237.65018505200118,2019-04-16 07:30:00
1180,237.60892223545537,2019-04-16 07:40:00
1181,237.5750102041249,2019-04-16 07:50:00
1182,237.5330411573713,2019-04-16 08:00:00
1183,237.5002746761297,2019-04-16 08:10:00
1184,237.46206417556155,2019-04-16 08:20:00
1185,237.42703777376582,2019-04-16 08:30:00
1186,237.384236375163,2019-04-16 08:40:00
1187,237.35448487840424,2019-04-16 08:50:00
1188,237.33263062149047,2019-04-16 09:00:00
1189,237.31776359991832,2019-04-16 09:10:00
1190,237.30652952000224,2019-04-16 09:20:00
1191,237.301871559139,2019-04-16 09:30:00
1192,237.30069182205162,2019-04-16 09:40:00
1193,237.29597561555263,2019-04-16 09:50:00
1194,237.28698190569142,2019-04-16 10:00:00
1195,237.2795319434945,2019-04-16 10:10:00
1196,237.26948048204503,2019-04-16 10:20:00
1197,237.26428121449703,2019-04-16 10:30:00
1198,237.26161233805493,2019-04-16 10:40:00
1199,237.25815009258068,2019-04-16 10:50:00
1200,237.26764807005748,2019-04-16 11:00:00
1201,237.27322584881043,2019-04-16 11:10:00
1202,237.28228326413074,2019-04-16 11:20:00
1203,237.29393534891972,2019-04-16 11:30:00
1204,237.30172151907502,2019-04-16 11:40:00
1205,237.30954975021703,2019-04-16 11:50:00
1206,237.3343474620094,2019-04-16 12:00:00
1207,237.3570609125129,2019-04-16 12:10:00
1208,237.38492979833234,2019-04-16 12:20:00
1209,237.41289906089267,2019-04-16 12:30:00
1210,237.44369064101082,2019-04-16 12:40:00
1211,237.47346359460843,2019-04-16 12:50:00
1212,237.49970805359544,2019-04-16 13:00:00
1213,237.53121386492316,2019-04-16 13:10:00
1214,237.55474842243598,2019-04-16 13:20:00
1215,237.58025436857227,2019-04-16 13:30:00
1216,237.60701507004916,2019-04-16 13:40:00
1217,237.643555708448,2019-04-16 13:50:00
1218,237.67793427817026,2019-04-16 14:00:00
1219,237.71926635689172,2019-04-16 14:10:00
1220,237.7568903830643,2019-04-16 14:20:00
1221,237.79387873606254,2019-04-16 14:30:00
1222,237.83243662940689,2019-04-16 14:40:00
1223,237.87510765640957,2019-04-16 14:50:00
1224,237.9079130500926,2019-04-16 15:00:00
1225,237.9549323005786,2019-04-16 15:10:00
1226,237.99738480913268,2019-04-16 15:20:00
1227,238.0411153808649,2019-04-16 15:30:00
1228,238.090400726971,2019-04-16 15:40:00
1229,238.12688765653962,2019-04-16 15:50:00
1230,238.16347004511258,2019-04-16 16:00:00
1231,238.1998625578857,2019-04-16 16:10:00
1232,238.23557768944082,2019-04-16 16:20:00
1233,238.27359756851163,2019-04-16 16:30:00
1234,238.31336250545672,2019-04-16 16:40:00
1235,238.34930949682555,2019-04-16 16:50:00
1236,238.3649958635936,2019-04-16 17:00:00
1237,238.4048569551801,2019-04-16 17:10:00
1238,238.44263283823707,2019-04-16 17:20:00
1239,238.47402865583047,2019-04-16 17:30:00
1240,238.506547850525,2019-04-16 17:40:00
1241,238.5386514511211,2019-04-16 17:50:00
1242,238.55993394374372,2019-04-16 18:00:00
1243,238.5917536476537,2019-04-16 18:10:00
1244,238.61409551490104,2019-04-16 18:20:00
1245,238.64567250141343,2019-04-16 18:30:00
1246,238.67082325587154,2019-04-16 18:40:00
1247,238.69315924467185,2019-04-16 18:50:00
1248,238.7361599768489,2019-04-16 19:00:00
1249,238.77623701332448,2019-04-16 19:10:00
1250,238.81758821123333,2019-04-16 19:20:00
1251,238.86023442718812,2019-04-16 19:30:00
1252,238.90483727545413,2019-04-16 19:40:00
1253,238.95060926642003,2019-04-16 19:50:00
1254,238.9896412645392,2019-04-16 20:00:00
1255,239.03241002326587,2019-04-16 20:10:00
1256,239.07452597359256,2019-04-16 20:20:00
1257,239.1203998532297,2019-04-16 20:30:00
1258,239.16763989527252,2019-04-16 20:40:00
1259,239.20569713006014,2019-04-16 20:50:00
1260,239.2520054106989,2019-04-16 21:00:00
1261,239.2996490474555,2019-04-16 21:10:00
1262,239.3439297257436,2019-04-16 21:20:00
1263,239.3969790366297,2019-04-16 21:30:00
1264,239.4424947381313,2019-04-16 21:40:00
1265,239.4993326873687,2019-04-16 21:50:00
1266,239.5537253659422,2019-04-16 22:00:00
1267,239.61459065377937,2019-04-16 22:10:00
1268,239.68867410408748,2019-04-16 22:20:00
1269,239.7476160028352,2019-04-16 22:30:00
1270,239.82046616449296,2019-04-16 22:40:00
1271,239.88767963931912,2019-04-16 22:50:00
1272,239.9666751953928,2019-04-16 23:00:00
1273,240.04427701378654,2019-04-16 23:10:00
1274,240.11755047258168,2019-04-16 23:20:00
1275,240.18779235759544,2019-04-16 23:30:00
1276,240.25465257697465,2019-04-16 23:40:00
1277,240.321700732852,2019-04-16 23:50:00
1278,240.3860777829776,2019-04-17 00:00:00
1279,240.45024552088668,2019-04-17 00:10:00
1280,240.51614620307998,2019-04-17 00:20:00
1281,240.57709600761268,2019-04-17 00:30:00
1282,240.63587228478886,2019-04-17 00:40:00
1283,240.69870781653273,2019-04-17 00:50:00
1284,240.7597804486512,2019-04-17 01:00:00
1285,240.81009843611488,2019-04-17 01:10:00
1286,240.87684894810903,2019-04-17 01:20:00
1287,240.9330087855784,2019-04-17 01:30:00
1288,240.9970375999152,2019-04-17 01:40:00
1289,241.0404190723447,2019-04-17 01:50:00
1290,241.09776647174505,2019-04-17 02:00:00
1291,241.14224285632343,2019-04-17 02:10:00
1292,241.1884208566119,2019-04-17 02:20:00
1293,241.22674153025227,2019-04-17 02:30:00
1294,241.2678445259616,2019-04-17 02:40:00
1295,241.29349457807345,2019-04-17 02:50:00
1296,241.3342992517361,2019-04-17 03:00:00
1297,241.37020851220345,2019-04-17 03:10:00
1298,241.40972040050903,2019-04-17 03:20:00
1299,241.43723402320626,2019-04-17 03:30:00
1300,241.46128661820853,2019-04-17 03:40:00
1301,241.48741978887006,2019-04-17 03:50:00
1302,241.5075535961305,2019-04-17 04:00:00
1303,241.52419644730406,2019-04-17 04:10:00
1304,241.5473110576942,2019-04-17 04:20:00
1305,241.55794149438648,2019-04-17 04:30:00
1306,241.5635557967013,2019-04-17 04:40:00
1307,241.57283875199758,2019-04-17 04:50:00
1308,241.592849926678,2019-04-17 05:00:00
1309,241.5986483415967,2019-04-17 05:10:00
1310,241.60474727312882,2019-04-17 05:20:00
1311,241.6118032798801,2019-04-17 05:30:00
1312,241.62356181958265,2019-04-17 05:40:00
1313,241.63631636535743,2019-04-17 05:50:00
1314,241.6496676331657,2019-04-17 06:00:00
1315,241.65261006683647,2019-04-17 06:10:00
1316,241.66453890278672,2019-04-17 06:20:00
1317,241.65339715544843,2019-04-17 06:30:00
1318,241.64582202120556,2019-04-17 06:40:00
1319,241.64090878873228,2019-04-17 06:50:00
1320,241.6386784197058,2019-04-17 07:00:00
1321,241.6359586553413,2019-04-17 07:10:00
1322,241.6397872310273,2019-04-17 07:20:00
1323,241.6384323070811,2019-04-17 07:30:00
1324,241.6348348260601,2019-04-17 07:40:00
1325,241.6369074882153,2019-04-17 07:50:00
1326,241.641626921718,2019-04-17 08:00:00
1327,241.6418020179488,2019-04-17 08:10:00
1328,241.6408275879664,2019-04-17 08:20:00
1329,241.628389828567,2019-04-17 08:30:00
1330,241.61271047237926,2019-04-17 08:40:00
1331,241.59072846284408,2019-04-17 08:50:00
1332,241.55802237413155,2019-04-17 09:00:00
1333,241.5289536209096,2019-04-17 09:10:00
1334,241.50440711950085,2019-04-17 09:20:00
1335,241.48237740283736,2019-04-17 09:30:00
1336,241.46230555461952,2019-04-17 09:40:00
1337,241.43830204892552,2019-04-17 09:50:00
1338,241.4193596064994,2019-04-17 10:00:00
1339,241.40202979709858,2019-04-17 10:10:00
1340,241.3890888755616,2019-04-17 10:20:00
1341,241.37702292162717,2019-04-17 10:30:00
1342,241.36732808848961,2019-04-17 10:40:00
1343,241.3525890420076,2019-04-17 10:50:00
1344,241.3473313697483,2019-04-17 11:00:00
1345,241.33888332878703,2019-04-17 11:10:00
1346,241.32889118478604,2019-04-17 11:20:00
1347,241.3051677517325,2019-04-17 11:30:00
1348,241.2885636498484,2019-04-17 11:40:00
1349,241.25738554139056,2019-04-17 11:50:00
1350,241.2248633753896,2019-04-17 12:00:00
1351,241.19763793275482,2019-04-17 12:10:00
1352,241.173748006572,2019-04-17 12:20:00
1353,241.1552795115881,2019-04-17 12:30:00
1354,241.13965384458163,2019-04-17 12:40:00
1355,241.12955605498144,2019-04-17 12:50:00
1356,241.12596096617187,2019-04-17 13:00:00
1357,241.1243319908934,2019-04-17 13:10:00
1358,241.12363142212342,2019-04-17 13:20:00
1359,241.1323245967823,2019-04-17 13:30:00
1360,241.1393862904031,2019-04-17 13:40:00
1361,241.1525203151107,2019-04-17 13:50:00
1362,241.16600244288963,2019-04-17 14:00:00
1363,241.17792217743167,2019-04-17 14:10:00
1364,241.18543878381408,2019-04-17 14:20:00
1365,241.20571087617972,2019-04-17 14:30:00
1366,241.2122828539032,2019-04-17 14:40:00
1367,241.21500769982796,2019-04-17 14:50:00
1368,241.21492316458716,2019-04-17 15:00:00
1369,241.21055763364015,2019-04-17 15:10:00
1370,241.2006739272283,2019-04-17 15:20:00
1371,241.19300777402762,2019-04-17 15:30:00
1372,241.193159281198,2019-04-17 15:40:00
1373,241.19521591360214,2019-04-17 15:50:00
1374,241.1956381941372,2019-04-17 16:00:00
1375,241.19283888208568,2019-04-17 16:10:00
1376,241.18839602493668,2019-04-17 16:20:00
1377,241.18763867304267,2019-04-17 16:30:00
1378,241.18511602048758,2019-04-17 16:40:00
1379,241.18856488091097,2019-04-17 16:50:00
1380,241.1643256912957,2019-04-17 17:00:00
1381,241.15682412685527,2019-04-17 17:10:00
1382,241.14421765840683,2019-04-17 17:20:00
1383,241.1351752417076,2019-04-17 17:30:00
1384,241.12328485970332,2019-04-17 17:40:00
1385,241.1090238623413,2019-04-17 17:50:00
1386,241.09172480892,2019-04-17 18:00:00
1387,241.0844049764357,2019-04-17 18:10:00
1388,241.06701770918133,2019-04-17 18:20:00
1389,241.04701067216857,2019-04-17 18:30:00
1390,241.02756738166542,2019-04-17 18:40:00
1391,241.008582883752,2019-04-17 18:50:00
1392,240.9840601811816,2019-04-17 19:00:00
1393,240.9631843961018,2019-04-17 19:10:00
1394,240.93786368172195,2019-04-17 19:20:00
1395,240.91232132246142,2019-04-17 19:30:00
1396,240.88591450681716,2019-04-17 19:40:00
1397,240.8560363550432,2019-04-17 19:50:00
1398,240.8247246770386,2019-04-17 20:00:00
1399,240.78864116856948,2019-04-17 20:10:00
1400,240.74972415147687,2019-04-17 20:20:00
1401,240.70389892010013,2019-04-17 20:30:00
1402,240.65592093753276,2019-04-17 20:40:00
1403,240.6035912649541,2019-04-17 20:50:00
1404,240.55659811885502,2019-04-17 21:00:00
1405,240.51039370350063,2019-04-17 21:10:00
1406,240.4635724747771,2019-04-17 21:20:00
1407,240.4259295422321,2019-04-17 21:30:00
1408,240.38227692756692,2019-04-17 21:40:00
1409,240.34685809680198,2019-04-17 21:50:00
1410,240.3054419166808,2019-04-17 22:00:00
1411,240.26890437843173,2019-04-17 22:10:00
1412,240.2324359142794,2019-04-17 22:20:00
1413,240.19560779991363,2019-04-17 22:30:00
1414,240.1672524319067,2019-04-17 22:40:00
1415,240.12822270329065,2019-04-17 22:50:00
1416,240.10248095940437,2019-04-17 23:00:00
1417,240.07286901618386,2019-04-17 23:10:00
1418,240.04329470453814,2019-04-17 23:20:00
1419,240.02851634836486,2019-04-17 23:30:00
1420,240.0117681019999,2019-04-17 23:40:00
1421,239.99320010389027,2019-04-17 23:50:00
1422,239.97491812086025,2019-04-18 00:00:00
1423,239.94765642102124,2019-04-18 00:10:00
1424,239.92233226165445,2019-04-18 00:20:00
1425,239.89579544120036,2019-04-18 00:30:00
1426,239.87180484440887,2019-04-18 00:40:00
1427,239.84459266731662,2019-04-18 00:50:00
1428,239.82836721097493,2019-04-18 01:00:00
1429,239.80416208749642,2019-04-18 01:10:00
1430,239.7904010232102,2019-04-18 01:20:00
1431,239.7806233795816,2019-04-18 01:30:00
1432,239.77998067279498,2019-04-18 01:40:00
1433,239.7715136616717,2019-04-18 01:50:00
1434,239.77435262295583,2019-04-18 02:00:00
1435,239.77618516647087,2019-04-18 02:10:00
1436,239.7900783543741,2019-04-18 02:20:00
1437,239.80159773782435,2019-04-18 02:30:00
1438,239.82555569163296,2019-04-18 02:40:00
1439,239.84555393819343,2019-04-18 02:50:00
1440,239.86884293134082,2019-04-18 03:00:00
1441,239.8899118084457,2019-04-18 03:10:00
1442,239.92056379255328,2019-04-18 03:20:00
1443,239.9444193329324,2019-04-18 03:30:00
1444,239.97072833685127,2019-04-18 03:40:00
1445,240.00174676969849,2019-04-18 03:50:00
1446,240.02154311048344,2019-04-18 04:00:00
1447,240.04354380246758,2019-04-18 04:10:00
1448,240.05707244551547,2019-04-18 04:20:00
1449,240.07764682580344,2019-04-18 04:30:00
1450,240.0899777312606,2019-04-18 04:40:00
1451,240.10196013525248,2019-04-18 04:50:00
1452,240.1315453343993,2019-04-18 05:00:00
1453,240.13708030429825,2019-04-18 05:10:00
1454,240.1482515255641,2019-04-18 05:20:00
1455,240.1511875986093,2019-04-18 05:30:00
1456,240.1532546737901,2019-04-18 05:40:00
1457,240.15618436824028,2019-04-18 05:50:00
1458,240.15090413011,2019-04-18 06:00:00
1459,240.1480649348373,2019-04-18 06:10:00
1460,240.14319291423217,2019-04-18 06:20:00
1461,240.139056257649,2019-04-18 06:30:00
1462,240.11900330852717,2019-04-18 06:40:00
1463,240.1055331110664,2019-04-18 06:50:00
1464,240.0837136451456,2019-04-18 07:00:00
1465,240.0646245946314,2019-04-18 07:10:00
1466,240.04430991490392,2019-04-18 07:20:00
1467,240.01766071715008,2019-04-18 07:30:00
1468,239.99619396578828,2019-04-18 07:40:00
1469,239.9651791759053,2019-04-18 07:50:00
1470,239.9370044767153,2019-04-18 08:00:00
1471,239.90777785022968,2019-04-18 08:10:00
1472,239.8651265760418,2019-04-18 08:20:00
1473,239.83108840072475,2019-04-18 08:30:00
1474,239.798573886946,2019-04-18 08:40:00
1475,239.7671168258474,2019-04-18 08:50:00
1476,239.73254759214836,2019-04-18 09:00:00
1477,239.7020554193661,2019-04-18 09:10:00
1478,239.67591783364708,2019-04-18 09:20:00
1479,239.64834010095348,2019-04-18 09:30:00
1480,239.63072019366382,2019-04-18 09:40:00
1481,239.61343294392552,2019-04-18 09:50:00
1482,239.59282830385663,2019-04-18 10:00:00
1483,239.58158116395992,2019-04-18 10:10:00
1484,239.5706318468708,2019-04-18 10:20:00
1485,239.56159833178532,2019-04-18 10:30:00
1486,239.5454585473784,2019-04-18 10:40:00
1487,239.535429474664,2019-04-18 10:50:00
1488,239.5267643253227,2019-04-18 11:00:00
1489,239.5194545077851,2019-04-18 11:10:00
1490,239.51007699273063,2019-04-18 11:20:00
1491,239.50422679834702,2019-04-18 11:30:00
1492,239.48979274361042,2019-04-18 11:40:00
1493,239.4799142126476,2019-04-18 11:50:00
1494,239.4747401106425,2019-04-18 12:00:00
1495,239.46794007598984,2019-04-18 12:10:00
1496,239.46712422272407,2019-04-18 12:20:00
1497,239.46828516651158,2019-04-18 12:30:00
1498,239.47691659610385,2019-04-18 12:40:00
1499,239.48351833242046,2019-04-18 12:50:00
1500,239.49650616994498,2019-04-18 13:00:00
1501,239.51357416461718,2019-04-18 13:10:00
1502,239.53166495936986,2019-04-18 13:20:00
1503,239.55285332739768,2019-04-18 13:30:00
1504,239.5768432506185,2019-04-18 13:40:00
1505,239.60291986442954,2019-04-18 13:50:00
1506,239.6311947152477,2019-04-18 14:00:00
1507,239.656445335809,2019-04-18 14:10:00
1508,239.6854011511948,2019-04-18 14:20:00
1509,239.707728518887,2019-04-18 14:30:00
1510,239.72635853744598,2019-04-18 14:40:00
1511,239.73947255354267,2019-04-18 14:50:00
1512,239.7601246327583,2019-04-18 15:00:00
1513,239.78121041807026,2019-04-18 15:10:00
1514,239.80174870973133,2019-04-18 15:20:00
1515,239.8168723981906,2019-04-18 15:30:00
1516,239.82951611401225,2019-04-18 15:40:00
1517,239.84452284308827,2019-04-18 15:50:00
1518,239.85747695047212,2019-04-18 16:00:00
1519,239.8719143804168,2019-04-18 16:10:00
1520,239.88116411160348,2019-04-18 16:20:00
1521,239.8904553093361,2019-04-18 16:30:00
1522,239.89959199700496,2019-04-18 16:40:00
1523,239.90887047633387,2019-04-18 16:50:00
1524,239.8961897651689,2019-04-18 17:00:00
1525,239.90387008367057,2019-04-18 17:10:00
1526,239.90748602611282,2019-04-18 17:20:00
1527,239.9113804666742,2019-04-18 17:30:00
1528,239.90390509621798,2019-04-18 17:40:00
1529,239.9066642715475,2019-04-18 17:50:00
1530,239.91854553986167,2019-04-18 18:00:00
1531,239.91705066496758,2019-04-18 18:10:00
1532,239.91548116272912,2019-04-18 18:20:00
1533,239.90794360816392,2019-04-18 18:30:00
1534,239.90288042020745,2019-04-18 18:40:00
1535,239.8961617655856,2019-04-18 18:50:00
1536,239.89503248069255,2019-04-18 19:00:00
1537,239.890786548652,2019-04-18 19:10:00
1538,239.88427936879555,2019-04-18 19:20:00
1539,239.8726811487389,2019-04-18 19:30:00
1540,239.8637799991874,2019-04-18 19:40:00
1541,239.85549978281853,2019-04-18 19:50:00
1542,239.8490758770024,2019-04-18 20:00:00
1543,239.84608230710398,2019-04-18 20:10:00
1544,239.84675268006973,2019-04-18 20:20:00
1545,239.8535274614184,2019-04-18 20:30:00
1546,239.8587392695817,2019-04-18 20:40:00
1547,239.86862855286,2019-04-18 20:50:00
1548,239.87361808970928,2019-04-18 21:00:00
1549,239.88528213386692,2019-04-18 21:10:00
1550,239.89534279456345,2019-04-18 21:20:00
1551,239.90334490257962,2019-04-18 21:30:00
1552,239.92127630152618,2019-04-18 21:40:00
1553,239.92165008655132,2019-04-18 21:50:00
1554,239.9321468619648,2019-04-18 22:00:00
1555,239.94192871077252,2019-04-18 22:10:00
1556,239.961583553218,2019-04-18 22:20:00
1557,239.96158823461164,2019-04-18 22:30:00
1558,239.96875669215802,2019-04-18 22:40:00
1559,239.97908532752442,2019-04-18 22:50:00
1560,239.98723477297074,2019-04-18 23:00:00
1561,239.99735458486413,2019-04-18 23:10:00
1562,239.99892328267958,2019-04-18 23:20:00
1563,240.01235001394352,2019-04-18 23:30:00
1564,240.01853853432831,2019-04-18 23:40:00
1565,240.0256258085116,2019-04-18 23:50:00
